{
  "sample_count": 100,
  "pattern_counts": {
    "盘中诱多": 45,
    "对倒拉升": 30,
    "日内套利": 7,
    "压单吸货": 1,
    "大单吸筹": 5,
    "分时脉冲": 7,
    "尾盘突袭": 4,
    "连续小单推升": 1
  },
  "capital_counts": {
    "散户": 26,
    "量化": 35,
    "游资": 39
  },
  "intention_counts": {
    "卖出": 46,
    "买入": 54
  },
  "market_snapshot": {
    "trade_date": "20260707",
    "market_regime": "弱趋势下跌",
    "up_count": 20,
    "down_count": 78,
    "breadth_ratio": 0.2564102564102564,
    "breadth_balance": -0.5918367346938775,
    "p_median": 0.24736970009737871,
    "i_median": 0.07240733533571794,
    "d_median": 0.6961989392226763
  }
}