{
  "sample_count": 100,
  "pattern_counts": {
    "盘中诱多": 24,
    "对倒拉升": 27,
    "日内套利": 35,
    "分时脉冲": 7,
    "尾盘突袭": 5,
    "压单吸货": 1,
    "大单吸筹": 1
  },
  "capital_counts": {
    "游资": 26,
    "量化": 58,
    "散户": 16
  },
  "intention_counts": {
    "卖出": 71,
    "买入": 29
  },
  "market_snapshot": {
    "trade_date": "20260708",
    "market_regime": "弱趋势下跌",
    "up_count": 26,
    "down_count": 49,
    "breadth_ratio": 0.5306122448979592,
    "breadth_balance": -0.30666666666666664,
    "p_median": 0.22498530507715753,
    "i_median": 0.07721755625694304,
    "d_median": 0.6986013986013986
  }
}