{
  "capital_counts": {
    "游资": 32,
    "量化": 68
  },
  "intention_counts": {
    "中性": 3,
    "买入": 45,
    "卖出": 52
  },
  "market_snapshot": {
    "breadth_balance": 0.26881720430107525,
    "breadth_ratio": 1.7352941176470589,
    "d_median": 0.00027113053333160735,
    "down_count": 34,
    "i_median": -5.2248276599019884e-6,
    "market_regime": "震荡中性",
    "p_median": -0.000492904456627816,
    "trade_date": "20260710",
    "up_count": 59
  },
  "pattern_counts": {
    "分时脉冲": 1,
    "大单吸筹": 7,
    "对倒拉升": 35,
    "尾盘突袭": 16,
    "日内套利": 13,
    "盘中诱多": 18,
    "连续小单推升": 10
  },
  "sample_count": 100
}