{
  "capital_counts": {
    "游资": 10,
    "量化": 90
  },
  "intention_counts": {
    "买入": 32,
    "卖出": 68
  },
  "market_snapshot": {
    "breadth_balance": -0.17525773195876287,
    "breadth_ratio": 0.7017543859649122,
    "d_median": 0.0005500814606030017,
    "down_count": 57,
    "i_median": 0.000044829197182007986,
    "market_regime": "弱趋势下跌",
    "p_median": -5.654493595744968e-6,
    "trade_date": "20260709",
    "up_count": 40
  },
  "pattern_counts": {
    "分时脉冲": 18,
    "压单吸货": 2,
    "大单吸筹": 3,
    "对倒拉升": 3,
    "尾盘突袭": 4,
    "日内套利": 59,
    "盘中诱多": 10,
    "连续小单推升": 1
  },
  "sample_count": 100
}