{
  "sample_count": 100,
  "pattern_counts": {
    "对倒拉升": 35,
    "大单吸筹": 7,
    "连续小单推升": 10,
    "盘中诱多": 18,
    "尾盘突袭": 16,
    "分时脉冲": 1,
    "日内套利": 13
  },
  "capital_counts": {
    "游资": 32,
    "量化": 68
  },
  "intention_counts": {
    "卖出": 52,
    "买入": 45,
    "中性": 3
  },
  "market_snapshot": {
    "trade_date": "20260710",
    "market_regime": "震荡中性",
    "up_count": 59,
    "down_count": 34,
    "breadth_ratio": 1.7352941176470589,
    "breadth_balance": 0.26881720430107525,
    "p_median": -0.0004929044566278169,
    "i_median": -5.224827659902192e-06,
    "d_median": 0.0002711305333316117
  }
}